violet,blue,green,yellow,orange,red,percent,adjustment
37456.35639648438,17236.949291992187,29300.27978515625,34654.843359375,34881.5193359375,19293.4658203125,-0.24279677658272414,1
32782.85546875,17188.484423828126,29332.8244140625,34679.4630859375,37522.67861328125,20924.54013671875,-0.5756436260253142,3
34375.55473632812,15829.75517578125,29338.88623046875,34678.07734375,37810.17412109375,20955.08251953125,-0.6207613728954073,5
