{
    "hematuria_percent": 1.0840194059226813,
    "hematuria_level": 36.27804730448169,
    "hematuria_violet": 20723.202547200523,
    "hematuria_blue": 12551.395760091145,
    "hematuria_green": 18415.27568359375,
    "hematuria_yellow": 20202.617415364584,
    "hematuria_orange": 24546.760481770834,
    "hematuria_red": 13115.98505859375
}